english_answer	polish_equivalent
agent	agent
actor	aktor
album	album
alarm	alarm
angel	anioł
arena	arena
beach	plaża
black	czerń
blood	krwią
board	deska
bonus	bonus
brain	mózgi
bread	chleb
cabin	chaty
cable	kabel
chair	fotel
charm	czary
chase	gonić
cheap	tania
chess	szach
chief	szefa
class	klasa
clock	zegar
color	kolor
could	mogła
count	liczy
court	sądów
craft	fachu
cross	krzyż
crowd	tłumy
crown	koron
dance	tańce
demon	demon
depot	skład
draft	szkic
drive	jazda
eight	osiem
empty	pusty
enter	wejść
entry	wstęp
equal	równy
error	błędy
faith	wiara
fifth	piąty
fight	walka
final	finał
flame	ogień
front	front
fruit	owoce
ghost	duchy
glass	szkło
grape	grono
grass	trawa
grave	groby
guard	straż
heart	serce
honey	miodu
honor	honor
horse	konie
hotel	hotel
house	domek
human	ludzi
humor	humor
ideal	ideał
image	obraz
joint	stawy
judge	sądzi
later	potem
light	jasny
limit	limit
lunch	obiad
magic	magia
major	major
match	mecze
maybe	chyba
medal	medal
metal	metal
meter	metra
model	model
motor	motor
mouse	myszy
never	nigdy
night	nocny
noise	hałas
ocean	ocean
opera	opera
organ	organ
paint	farba
panel	panel
peace	pokój
pearl	perła
piece	część
pilot	pilot
pizza	pizza
plate	płyta
point	punkt
press	prasa
pride	pycha
proof	dowód
proud	dumny
quiet	cisza
radio	radio
ready	gotów
right	prawy
river	rzeka
robot	robot
scale	skala
scene	scena
serve	służy
shape	forma
sheep	owiec
sheet	karta
shine	blask
since	odkąd
sleep	spali
solid	stały
spare	zapas
speak	mówić
speed	tempo
spine	kręgi
sport	sport
staff	kadra
stage	etapy
stand	stała
start	start
steel	stali
stock	akcje
stone	skała
store	sklep
storm	burza
story	bajka
strip	pasek
super	super
swamp	bagno
sword	miecz
table	stole
taste	smaku
teach	uczyć
teeth	zębów
thing	rzecz
think	myśli
those	tamte
touch	dotyk
tower	wieża
trial	próba
uncle	wujek
valid	ważny
video	wideo
voice	głosy
watch	zegar
wheel	kołem
where	gdzie
white	biały
whose	czyja
world	świat
worry	obawa
would	byłby
wound	ranny
write	pisać
wrong	błędy
yacht	jacht
young	młody
